<?xml version="1.0" encoding="UTF-8"?><module codename="org.netbeans.libs.batik.read">
    <module_version install_time="1708007128684" last="true" origin="installer" specification_version="1.18.0.1">
        <file crc="3329565948" name="config/Modules/org-netbeans-libs-batik-read.xml"/>
        <file crc="1454000082" name="modules/ext/batik-anim-1.17.jar"/>
        <file crc="3841384382" name="modules/ext/batik-awt-util-1.17.jar"/>
        <file crc="3161325264" name="modules/ext/batik-bridge-1.17.jar"/>
        <file crc="209090827" name="modules/ext/batik-constants-1.17.jar"/>
        <file crc="3486246732" name="modules/ext/batik-css-1.17.jar"/>
        <file crc="277285771" name="modules/ext/batik-dom-1.17.jar"/>
        <file crc="2797075397" name="modules/ext/batik-ext-1.17.jar"/>
        <file crc="2625377235" name="modules/ext/batik-gvt-1.17.jar"/>
        <file crc="2456282960" name="modules/ext/batik-i18n-1.17.jar"/>
        <file crc="196300356" name="modules/ext/batik-parser-1.17.jar"/>
        <file crc="612817878" name="modules/ext/batik-script-1.17.jar"/>
        <file crc="760386060" name="modules/ext/batik-svg-dom-1.17.jar"/>
        <file crc="3317407352" name="modules/ext/batik-util-1.17.jar"/>
        <file crc="446876955" name="modules/ext/batik-xml-1.17.jar"/>
        <file crc="3203011316" name="modules/ext/xml-apis-1.4.01.jar"/>
        <file crc="2268634152" name="modules/ext/xml-apis-ext-1.3.04.jar"/>
        <file crc="34986506" name="modules/ext/xmlgraphics-commons-2.9.jar"/>
        <file crc="2673199585" name="modules/org-netbeans-libs-batik-read.jar"/>
    </module_version>
</module>
